"Question","Correct Answer","Wrong Answer 1","Wrong Answer 2","Wrong Answer 3","Wrong Answer 4","Wrong Answer 5"
"Complétez les paroles de la Marseillaise Allons enfants de la patrie... [GS]","Le jour de gloire est arrivé","Le moment de vaincre est arrivé","Les étendards sont levés","Contre nous de la tyrannie","Marchons vers la liberté","La victoire est à nous"
"Dans le cadre d'un entretien d'embauche, que peut-on demander au candidat ? [GS]","Ses diplômes et expériences professionnelles","Ses projets de maternité","Son appartenance religieuse","Ses origines ethniques","Son orientation politique","L'activité professionnelle de son conjoint"
"Déclarer ses revenus aux services fiscaux est :","Obligatoire ","Facultatif pour les bas salaires","Obligatoire seulement pour les propriétaires","Facultatif si on a des enfants","Une démarche réservée aux entreprises","Obligatoire seulement tous les 5 ans"
"En France, les impôts permettent de financer les dépenses publiques. Quelle proposition est correcte ?","Ils financent les services publics et la protection sociale ","Ils servent uniquement à payer la dette","Ils sont versés directement aux députés","Ils financent les entreprises privées","Ils servent uniquement à l'armée","Ils sont facultatifs pour les citoyens français"
"La liberté d'association est :","La liberté de créer une association ou de participer à celles de son choix ","L'obligation d'adhérer à un syndicat","Le droit de refuser de payer des cotisations","Un droit réservé aux personnes majeures","Interdite aux étrangers","Contrôlée par le préfet"
"La liberté d'expression sur les réseaux sociaux en France est :","Un droit limité par le respect d'autrui et la loi (pas d'injures, haine) ","Totale et sans aucune limite","Interdite pour les moins de 18 ans","Réservée aux journalistes","Surveillée systématiquement par la police","Autorisée uniquement pour les sujets politiques"
"Lequel de ces prénoms évoque un symbole de la République ?","Marianne ","Catherine","Isabelle","Juliette","Marie-Antoinette","Jeanne"
"Lequel de ces symboles représente la République française ?","Le drapeau tricolore ","La fleur de lys","Le lion","La couronne royale","L'aigle impérial","Le drapeau blanc"
"Où peut-on voir la devise de la République ? [GS]","Sur les frontons des mairies et écoles publiques","Sur les églises","Uniquement sur le site de l'Elysée","Sur les voitures de police","Sur les maillots de bain","Dans les supermarchés"
"Lesquels sont des symboles officiels de la République française ?","Le drapeau tricolore, La Marseillaise, Marianne ","Le coq, le vin, le pain","La Tour Eiffel, le Mont-Saint-Michel, le Louvre","Le béret, la baguette, le fromage","La fleur de lys, le sceptre, la couronne","L'Euro, le drapeau européen, l'Ode à la joie"
"Peut-on brûler publiquement un drapeau français ? [GS]","Non, c'est un délit puni par la loi (outrage)","Oui, au nom de la liberté d'expression totale","Oui, si c'est lors d'une manifestation","Oui, si le drapeau est vieux","Oui, le 14 juillet","Oui, si on est chez soi mais visible de la rue"
"Quand la sécurité sociale a-t-elle été établie en France ?","En 1945 ","En 1789","En 1905","En 1958","En 1968","En 2000"
"Que commémore la fête nationale ?","La prise de la Bastille et la fête de la Fédération (1789/1790) ","La fin de la Première Guerre mondiale","La mort du Roi Louis XVI","L'élection du premier Président","La Libération de Paris","La victoire de l'équipe de France de football"
"Que porte Marianne sur la tête ? [GS]","Un bonnet phrygien","Une couronne de lauriers","Un chapeau haut de forme","Un casque gaulois","Un voile","Une casquette"
"Quel symbole de la République peut-on voir sur les maillots de l'équipe de France de football ? [GS]","Le coq","Marianne","La Tour Eiffel","Le faisceau de licteur","L'hexagone","La fleur de lys"
"Quelle est la devise de la République française ?","Liberté, Égalité, Fraternité ","Travail, Famille, Patrie","Honneur et Patrie","Un pour tous, tous pour un","Union, Discipline, Travail","Dieu et mon Droit"
"Qu'est-ce que la liberté d'association ?","Chacun a la liberté de créer une association ou de participer à celles de son choix ","Le droit de ne pas payer d'impôts","Le droit de se réunir armé","Le droit de faire grève","Le droit de vote","Le droit de vivre n'importe où"
"Qu'est-ce qu'une liberté ?","Pouvoir faire tout ce qui ne nuit pas à autrui ","Pouvoir faire tout ce que l'on veut sans limite","Avoir le droit de désobéir aux lois","Pouvoir imposer ses choix aux autres","Ne pas avoir de devoirs","Être dispensé de travailler"
"Sur quel document peut-on voir Marianne ?","Les timbres-poste ","Le permis de conduire","La carte bancaire","Les billets de train","Le carnet de santé","Les tickets de métro"
"Une des valeurs de la devise républicaine est l'Égalité. Qu'est-ce que cela signifie ?","Tous les citoyens sont égaux devant la loi ","Tout le monde doit avoir le même salaire","Tout le monde doit avoir la même religion","Personne ne peut être plus riche qu'un autre","Les hommes ont plus de droits que les femmes","Les citoyens nés en France ont plus de droits"
"Une personne peut-elle changer librement de religion en France ?","Oui, chacun est libre de croire, ne pas croire ou changer ","Non, on garde sa religion de naissance","Oui, mais seulement à 18 ans","Oui, avec l'autorisation du préfet","Non, c'est interdit par la laïcité","Seulement pour devenir catholique"
"Que peut faire un usager du service public dans une mairie ?","Obtenir des actes d'état civil (naissance, mariage) ","Payer ses impôts sur le revenu","Passer son permis de conduire","Acheter des timbres fiscaux","Demander le divorce","Se faire soigner"
"En France, il est possible pour l'État de financer : [GS]","Les écoles privées sous contrat","La construction de nouvelles églises","Les salaires des prêtres et imams","Les partis politiques extrémistes","Les vacances de tous les citoyens","La construction de mosquées"
"En quelle année la loi de séparation des Églises et de l'État a-t-elle été votée ?","1905 ","1789","1881","1945","1958","2004"
"Que dit la loi de 1905 ?","Elle sépare les Églises de l'État ","L'école est obligatoire","La France est une monarchie","Les femmes ont le droit de vote","La peine de mort est abolie","Les syndicats sont autorisés"
"Que garantit le principe de laïcité ?","La liberté de conscience et le libre exercice des cultes ","L'interdiction de toute religion","L'obligation d'être athée","La surveillance des croyants","La fermeture des lieux de culte","La promotion du catholicisme"
"Quel jour célèbre-t-on officiellement la laïcité en France ? [GS]","Le 9 décembre","Le 14 juillet","Le 1er mai","Le 11 novembre","Le 8 mai","Le 1er janvier"
"Que signifie le mot “fraternité” dans la devise française ?","La solidarité entre les citoyens ","L'obligation d'aimer tout le monde","Avoir des frères et sœurs","Appartenir à une même famille biologique","Vivre en communauté fermée","Partager son salaire avec ses voisins"
"Selon la Constitution, la France est une République…","Indivisible, laïque, démocratique et sociale ","Monarchique et catholique","Fédérale et libérale","Autoritaire et militaire","Religieuse et conservatrice","Communiste et populaire"
"Selon le principe de laicité, que signifie la neutralité de l’État ?","L'État ne salarie ni ne subventionne aucun culte et assure la liberté de conscience ","L'État combat les religions","L'État ignore les citoyens religieux","Les agents publics peuvent porter des signes religieux","Les religions sont interdites dans la rue","L'État finance toutes les religions à égalité"
"Quel symbole religieux peut être porté dans une école publique dans le respect de la laïcité ?","Aucun signe ostensible (très visible) n'est autorisé ","Une grande croix","Un voile","Une kippa","Un turban","Un chapeau traditionnel"
"Quel terme désigne précisément la haine ou les préjugés contre les Juifs ? [GS]","L'antisémitisme","Le racisme","La xénophobie","L'islamophobie","Le sexisme","L'homophobie"
"Quel texte est considéré comme le texte fondateur de la laïcité ?","La loi de 1905 ","La Déclaration des droits de l'homme de 1789","Le Code civil de 1804","La Constitution de 1958","L'Édit de Nantes","Le Traité de Rome"
"Quelle institution française doit rester neutre en matière de religion ?","L'école publique et l'État ","Les entreprises privées","Les associations sportives","Les partis politiques","Les familles","Les commerces"
"Qu'est-ce que la laïcité ?","Les affaires religieuses et les affaires publiques sont clairement séparées ","L'interdiction des religions en France","Une religion d'État","L'obligation de croire en Dieu","La tolérance uniquement envers les chrétiens","Le financement des cultes par l'État"
"À l'école, la charte de la laïcité permet de : [GS]","Comprendre les règles du vivre-ensemble et de neutralité à l'école","Interdire aux élèves de parler de religion","Obliger les élèves à manger de la viande","Apprendre le catéchisme","Sélectionner les élèves selon leur religion","Prier dans la cour de récréation"
"Qui doit respecter et veiller à la neutralité religieuse dans les services publics ?","L'État et ses agents ","Les usagers du service public","Uniquement les chefs de service","Les prêtres et imams","Les policiers uniquement","Les enfants uniquement"
"Une personne déclare ne croire en aucun dieu. On peut dire :","C'est son droit, la République respecte le fait de ne pas croire ","C'est interdit, il faut avoir une religion","Elle doit se faire recenser comme athée","Elle ne peut pas être française","C'est une obligation pour être fonctionnaire","Elle doit payer une taxe spéciale"
"Comment est désigné le Premier ministre ?","Il est nommé par le Président de la République ","Il est élu directement par le peuple","Il est choisi par le Sénat","Il est tiré au sort","Il est élu par les maires","Il s'autoproclame chef"
"Qui peut se présenter aux élections présidentielles ?","Tout citoyen français remplissant les conditions légales (500 signatures...) ","N'importe quel citoyen du monde","Uniquement les députés","Uniquement les personnes nées en France","Toute personne riche","Les préfets uniquement"
"À qui appartient la souveraineté nationale ?","Au peuple ","Au Président seul","Aux juges","À l'Union européenne","Aux militaires","Aux personnes les plus riches"
"Qui est élu lors des élections municipales ?","Le maire et les conseillers municipaux ","Le député","Le préfet","Le président de région","Le sénateur","Le juge de paix"
"L'inscription sur les listes électorales est : [GS]","Automatique à 18 ans (ou volontaire si changement)","Payante","Interdite aux chômeurs","Facultative et déconseillée","Réservée aux propriétaires","Automatique à la naissance"
"Quelle condition est nécessaire pour voter aux élections présidentielles ?","Être un citoyen français âgé de 18 ans et jouir de ses droits civiques ","Être marié","Avoir un travail","Payer des impôts","Savoir lire et écrire parfaitement","Être né en métropole"
"Quelle condition faut-il remplir pour être candidat aux élections municipales ?","Être citoyen (français ou UE) et avoir la qualité d'électeur ","Être né dans la commune","Avoir plus de 30 ans","Être propriétaire dans la commune","Parler anglais","Avoir un casier judiciaire vierge"
"Parmi ces autorités, laquelle est élue ?","Le Président de la République ","Le Préfet","Le Procureur de la République","Le Commissaire de police","L'Instituteur","Le Recteur d'académie"
"Quelles sont les fonctions du maire ?","Administrer la commune, tenir l'état civil, écoles ","Voter les lois nationales","Juger les délits","Commander l'armée","Gérer les universités","Nommer les ministres"
"Une personne, n'ayant pas d'accès à internet, veut s'inscrire sur les listes électorales. Où peut-elle s'inscrire ? [GS]","À la mairie","Au commissariat de police","À la poste","Au tribunal","À la préfecture uniquement","Dans une école"
"À quel âge peut-on devenir électeur ?","18 ans ","16 ans","21 ans","25 ans","15 ans","30 ans"
"En France, est-ce obligatoire de voter ?","Non, c'est un droit et un devoir civique (moral) ","Oui, sous peine d'amende","Oui, pour les hommes seulement","Oui, sauf si on est malade","Oui, pour les élections présidentielles seulement","Non, c'est déconseillé"
"A-t-on le droit de ne pas respecter une loi ?","Non, tout citoyen doit la respecter ","Oui, si on n'est pas d'accord","Oui, si personne ne nous voit","Oui, si la loi est ancienne","Oui, si on est riche","Oui, le dimanche"
"Comment sont désignés les députés ?","Élus au suffrage universel ","Ils sont nommés par le Président","Ils sont tirés au sort","Ils héritent de leur poste","Ils sont élus par les maires","Ils sont choisis par les syndicats"
"Qui vote les lois ?","Le Parlement (Assemblée nationale et Sénat) ","Le Président de la République seul","Le gouvernement seul","Le Conseil Constitutionnel","Les citoyens par SMS","Les juges"
"La séparation des pouvoirs est un principe fondamental. Quels sont les trois pouvoirs concernés ?","Législatif, exécutif, judiciaire ","Militaire, religieux, civil","Médiatique, économique, politique","National, régional, communal","Présidentiel, ministériel, préfectoral","Policier, judiciaire, pénitentiaire"
"Qu'est-ce que l'État de droit ?","Le pouvoir politique est soumis à la loi ","Un État dirigé par des avocats","Un État où la police a tous les droits","Un État sans Constitution","Un État où le Président décide de tout","Un État où seuls les riches votent"
"Quelles sont les durées du mandat du conseil municipal et du maire ?","6 ans ","5 ans","4 ans","7 ans","3 ans","10 ans"
"Qui est élu lors des élections législatives ?","Les députés ","Les sénateurs","Les maires","Les conseillers régionaux","Le Président de la République","Les préfets"
"Quelle est la durée du mandat du Président de la République française ?","Cinq ans ","7 ans","4 ans","6 ans","10 ans","Vie"
"Quelle est la durée du mandat des députés ?","Cinq ans ","6 ans","4 ans","3 ans","7 ans","2 ans"
"Quelle est la durée du mandat des sénateurs ?","6 ans ","5 ans","4 ans","7 ans","9 ans","3 ans"
"Qui dirige l'action du gouvernement ?","Le Premier ministre ","Le Président de l'Assemblée","Le Ministre de l'Intérieur","Le Président du Sénat","Le Maire de Paris","Le Général des armées"
"En France, est-ce possible d'adhérer à un parti politique ?","Oui, librement ","Non, c'est interdit","Oui, mais un seul parti autorisé","Oui, avec accord de la police","Seulement pour les élus","Non, sauf pour les syndicats"
"Qui sanctionne l'auteur d'un vol ?","La Justice (les juges) ","La Police seule","Le Maire","La victime","Le Préfet","Les voisins"
"Qui gère les collèges publics ?","Le département ","La commune","La région","L'État seul","L'Europe","Les parents d'élèves"
"Qui gère les écoles primaires et maternelles publiques ?","La commune ","Le département","La région","L'État uniquement","Le directeur d'école","Les associations"
"Comment sont désignés les maires ?","Élus par le conseil municipal ","Nommés par le Préfet","Élus au suffrage universel direct","Tirés au sort","Choisis par le député","Héréditaires"
"Quelle collectivité territoriale est responsable des transports régionaux ?","La région ","Le département","La commune","L'État","L'Europe","La SNCF seule"
"Quelle est l'une des voies possibles pour modifier la Constitution ?","Le référendum ","Une décision du Premier ministre","Une pétition en ligne","Un décret présidentiel","Une grève générale","L'avis des sondages"
"Qui assure l'intérim du président de la République en cas de décès ? [GS]","Le Président du Sénat","Le Premier ministre","La femme du Président","Le Président de l'Assemblée","Le Ministre de l'Intérieur","Le chef des armées"
"Quel est le rôle du Conseil constitutionnel ?","Vérifier la conformité des lois à la Constitution ","Juger les criminels","Voter les lois","Nommer les ministres","Diriger l'armée","Organiser les élections locales"
"Quelle condition est obligatoire pour se présenter à l'élection présidentielle ? [GS]","Avoir la nationalité française","Être né en France","Parler 3 langues","Être marié","Avoir fait l'armée","Être propriétaire"
"Combien y a-t-il de départements en France ?","101 départements ","96","13","22","50","200"
"Comment est organisé le découpage administratif de la France ?","Communes, départements, régions ","Villes, états, pays","Cantons, provinces, royaumes","Villages, comtés, duchés","Districts, zones, secteurs","Quartiers, arrondissements, cercles"
"Qui représente l'État dans un département ?","Le Préfet ","Le Maire","Le Député","Le Président du Conseil départemental","Le Juge","Le Commissaire"
"Quel est le rôle du Président de la République ?","Il nomme le gouvernement et préside le pays ","Il écrit toutes les lois","Il juge les procès","Il dirige les mairies","Il fixe les prix des magasins","Il choisit les députés"
"Quel est le rôle du Premier ministre ?","Il dirige l'action du Gouvernement ","Il vote les lois","Il juge les ministres","Il commande l'armée","Il remplace le Roi","Il gère l'Elysée"
"Quel est le rôle du Défenseur des droits ? [GS]","Défendre les droits des citoyens face à l'administration","Défendre la France en guerre","Défendre le Président","Défendre les entreprises","Défendre les criminels","Défendre les valeurs religieuses"
"En quelle année la citoyenneté européenne a-t-elle été créée ?","1992 (Traité de Maastricht) ","1957","1945","2002","1989","2010"
"Qui a composé l'hymne de l'Union européenne ? [GS]","Beethoven (Ode à la joie)","Mozart","Chopin","Wagner","Berlioz","Vivaldi"
"Quand est célébrée la journée de l'Europe ? [GS]","Le 9 mai","Le 14 juillet","Le 8 mai","Le 11 novembre","Le 25 décembre","Le 1er janvier"
"Où est le siège de la Banque centrale européenne ? [GS]","Francfort (Allemagne)","Paris","Londres","Bruxelles","Strasbourg","Genève"
"Où est le siège de la Commission européenne ? [GS]","Bruxelles (Belgique)","Strasbourg","Luxembourg","Paris","Berlin","Rome"
"Qui siège au Parlement européen ?","Les députés européens élus ","Les ministres des pays","Les présidents des pays","Les juges européens","Les préfets","Les ambassadeurs"
"Combien d'États font partie de l'Union européenne au 1er janvier 2025 ?","27 États membres ","28 États membres","15 États membres","12 États membres","6 États membres","50 États membres"
"En quelle année le traité de Maastricht, qui marque la fondation de l'Union européenne, a-t-il été signé ?","1992 ","1957","2000","1945","1986","1974"
"Quel traité concerne la construction de l'Union européenne ?","Traité de Rome (1957) ","Traité de Versailles","Traité de Paris (1763)","Traité de Tordesillas","Traité de Verdun","Traité de Vienne"
"Quel État a quitté l'Union Européenne en 2020 ? [GS]","Le Royaume-Uni (Brexit)","La France","L'Allemagne","L'Italie","L'Espagne","La Grèce"
"Quel est l'hymne de l'Union Européenne ? [GS]","L'Ode à la joie","La Marseillaise","God Save the Queen","L'Internationale","Le Chant des Partisans","Frère Jacques"
"De quoi est composé le drapeau européen ?","12 étoiles d'or sur fond bleu ","Une croix blanche sur fond rouge","Des bandes bleues et blanches","Un aigle noir sur fond jaune","27 étoiles sur fond vert","Un cercle rouge sur fond blanc"
"Qui élit les députés européens ?","Les citoyens européens au suffrage universel ","Les gouvernements nationaux","La Commission européenne","Les parlements nationaux","Le Conseil de l'Europe","Les maires"
"Où est le siège du Parlement européen ? [GS]","Strasbourg (France)","Bruxelles uniquement","Luxembourg","Francfort","La Haye","Genève"
"Quel est le dernier Etat à avoir intégré l’Union Européenne en 2013 ? [GS]","La Croatie","La Turquie","L'Ukraine","La Suisse","La Norvège","L'Islande"
"Les citoyens de l'Union européenne peuvent-ils voter aux élections locales dans un autre État de l’Union ?","Oui, aux élections municipales ","Non, jamais","Oui, à toutes les élections","Uniquement s'ils sont naturalisés","Oui, mais sans être élu","Seulement s'ils paient des impôts"
"Quelle est la devise de l’Union européenne ? [GS]","Unie dans la diversité","Liberté, Égalité, Fraternité","L'union fait la force","Dieu et mon droit","In God We Trust","Ordre et Progrès"
"À quoi sert le droit de grève ? [GS]","À défendre ses droits et intérêts professionnels","À ne pas travailler sans raison","À bloquer le pays pour le plaisir","À renverser le gouvernement","À prendre des vacances supplémentaires","À ne pas payer ses factures"
"Au nom de quoi l'État justifie-t-il la restriction des droits ?","Pour préserver l'ordre public ","Pour faire des économies","Pour contrôler la population","Pour interdire la religion","Pour limiter la liberté de la presse","Pour rien, c'est arbitraire"
"Laquelle de ces citations est inscrite dans la Déclaration des Droits de l'Homme et du Citoyen de 1789 ?","Les hommes naissent et demeurent libres et égaux en droits ","Tous les hommes sont frères","La propriété c'est le vol","L'Etat c'est moi","Vivre libre ou mourir","La liberté est un combat"
"L'article 4 de la Déclaration des droits de l'homme et du citoyen affirme que la liberté consiste à pouvoir faire tout ce qui ne nuit pas à autrui. Qu'est-ce que cela signifie ?","L'exercice des droits de chacun a pour bornes celles des autres ","Je peux faire tout ce que je veux","Les autres n'ont aucun droit","La loi ne sert à rien","Je suis libre de nuire si je veux","La liberté est totale et absolue"
"Que dit l'article 1er de la Constitution française ?","La France est une République indivisible, laïque, démocratique et sociale ","La France est une monarchie constitutionnelle","La France est un pays catholique","Le français est la langue du monde","Paris est la capitale de l'Europe","Le Président a tous les pouvoirs"
"Que garantit la liberté de la presse ?","Le droit de parler, écrire, imprimer librement ","Le droit de mentir","Le droit d'insulter les gens","L'obligation d'acheter le journal","Le contrôle des médias par l'État","L'interdiction de critiquer le gouvernement"
"Que permet la liberté de circulation ?","Le droit de circuler librement ","Le droit de conduire sans permis","Le droit d'entrer chez les gens sans autorisation","Le droit de ne pas payer le train","Le droit de rouler à gauche","Le droit de voyager sans passeport hors UE"
"Que signifie être citoyen d'un État ?","Avoir des droits et des devoirs particuliers (vote, défense...) ","Habiter simplement dans le pays","Avoir un passeport pour voyager","Payer des impôts seulement","Parler la langue du pays","Aimer la cuisine du pays"
"Que sont les droits fondamentaux ?","Des droits garantis à tout être humain (liberté, sûreté...) ","Des droits réservés aux riches","Des privilèges pour les élus","Des règles pour les entreprises","Des droits temporaires","Des droits vendus par l'État"
"Quel droit protège une personne contre une arrestation arbitraire ?","Nul ne peut être accusé, arrêté ni détenu que selon la loi ","La liberté de la presse","Le droit de propriété","Le droit de vote","La fraternité","L'égalité"
"Quel est le texte fondateur établissant les droits et les devoirs de chaque citoyen ?","La Déclaration des droits de l'homme et du citoyen ","Le Code de la route","Le règlement intérieur de l'école","La Bible","Le contrat de travail","Le journal officiel"
"Quel texte affirme que tous les hommes naissent libres et égaux en droits ?","La Déclaration des droits de l'homme et du citoyen de 1789 ","Le Code Civil","La Charte de l'ONU","Le Traité de Versailles","La Constitution de 1958","Les Dix Commandements"
"Quelle situation est une atteinte à la dignité humaine ?","Toute atteinte au corps humain ou à la personne ","Le travail de nuit","Le paiement d'impôts","L'obligation scolaire","La vaccination","Le port de l'uniforme"
"Qu'est-ce que la liberté d'expression ?","Tout citoyen peut parler, écrire, imprimer librement (sauf abus légaux) ","Le droit d'insulter son voisin","Le droit de diffamer","Le droit d'inciter à la haine","Le droit de mentir au tribunal","Le droit de menacer de mort"
"Suite à une interpellation par la police, il est possible de :","Être placé en garde à vue (selon la loi) ","Être envoyé en prison sans jugement","Être banni du pays immédiatement","Perdre sa nationalité","Être forcé à travailler","Payer une amende au policier directement"
"Tous les citoyens français ont-ils une religion ?","Non, chacun est libre de croire ou ne pas croire ","Oui, c'est obligatoire","Oui, ils sont tous catholiques","Non, la religion est interdite","Oui, sauf les fonctionnaires","Oui, déclarée sur la carte d'identité"
"À quel âge est la majorité numérique en France ? [GS]","15 ans","18 ans","13 ans","21 ans","10 ans","16 ans"
"Dans lequel de ces endroits est-on autorisé à fumer ? [GS]","Dans la rue (sauf arrêté spécifique)","Dans un hôpital","Dans une école","Dans un restaurant","Dans une gare fermée","Dans un bus"
"En France, la conduite sans permis d'une moto est : [GS]","Un délit puni par la loi","Autorisée le week-end","Autorisée si on a un casque","Tolérée à la campagne","Autorisée pour les moins de 25 ans","Une simple impolitesse"
"En quoi consiste le devoir de solidarité ?","Contribuer au financement de la protection sociale ","Aider ses voisins à déménager","Donner de l'argent aux mendiants","Héberger des inconnus","Nettoyer la rue","Prêter sa voiture"
"Est-ce légal d'être marié à plusieurs personnes en même temps ? [GS]","Non, la polygamie est interdite en France","Oui, jusqu'à 4 personnes","Oui, si le conjoint est d'accord","Oui, pour les étrangers seulement","Oui, dans certaines régions","Oui, si on est riche"
"Est-ce obligatoire de déclarer ses impôts chaque année en France ?","Oui, déclarer ses revenus est obligatoire ","Non, seulement si on veut","Non, c'est automatique","Seulement les années bissextiles","Non, si on gagne peu","Seulement pour les entreprises"
"Est-il obligatoire de porter secours à une personne en danger ? [GS]","Oui, la non-assistance à personne en danger est un délit","Non, c'est facultatif","Seulement si c'est un ami","Non, si on est pressé","Seulement pour les médecins","Non, sauf pour les pompiers"
"Etre juré d'assises est :","Un devoir civique ","Un métier rémunéré","Un choix personnel","Réservé aux avocats","Une punition","Interdit aux femmes"
"La vente d'alcool en France est interdite aux personnes de moins de : [GS]","18 ans","16 ans","21 ans","14 ans","12 ans","25 ans"
"Le non-respect du code de la route est :","Une infraction sanctionnée ","Autorisé la nuit","Une liberté fondamentale","Pas grave","Autorisé pour les vélos","Toléré si on travaille"
"Lequel de ces crimes ou délits peut entrainer la privation des droits civils et politiques par un juge ?","Un crime grave ou acte contraire aux intérêts fondamentaux ","Un excès de vitesse","Un retard d'impôts","Le vol d'une pomme","Fumer dans la rue","Chanter la nuit"
"Pour obtenir une carte d'identité, il faut : [GS]","Être de nationalité française","Être riche","Avoir un passeport","Avoir le permis","Parler anglais","Être propriétaire"
"Pour quel motif peut-on limiter la liberté d'expression ?","Pour trouble à l'ordre public, injures, haine raciale ","Pour critique du gouvernement","Pour opinion religieuse","Pour faute d'orthographe","Pour parler trop fort","Pour désaccord avec le maire"
"Que doit faire un citoyen s'il est appelé à être juré dans un procès d'assises ?","Il a le devoir de participer ","Il peut refuser s'il n'a pas envie","Il doit payer pour participer","Il doit être avocat","Il doit connaître l'accusé","Il peut se faire remplacer par un ami"
"Quel est l'âge de la majorité civile en France ?","18 ans ","21 ans","16 ans","15 ans","25 ans","14 ans"
"Quel est l'un des devoirs principaux d'un citoyen français ?","Respecter la loi ","Avoir une voiture","Acheter une maison","Aller à la messe","Adhérer à un parti","Faire du sport"
"Quelle est l'infraction la plus grave ? [GS]","Le crime","La contravention","Le délit","L'incivilité","La bêtise","L'erreur"
"Qu'est-ce que la citoyenneté numérique ? [GS]","Le civisme en ligne (respect des règles sur internet)","Avoir un ordinateur","Savoir coder","Avoir un compte Facebook","Payer ses impôts en ligne","Jouer aux jeux vidéo"
"Qu'est-ce que le devoir de mémoire ?","Se souvenir des événements tragiques de l'histoire ","Apprendre ses leçons par cœur","Se souvenir de son enfance","N'oublier aucun rendez-vous","Faire des photos","Écrire ses mémoires"
"Qui peut être appelé à faire partie d'un jury d'assises en France ?","Tout citoyen français tiré au sort ","Les juges uniquement","Les policiers uniquement","Les bénévoles","Les personnes condamnées","Les experts"
"Une personne est privée de ses droits civils et politiques pendant 5 ans suite à une condamnation. Parmi ces propositions laquelle est correcte ? Pendant 5 ans,... [GS]","Elle ne peut pas voter ni être élue","Elle ne peut pas travailler","Elle ne peut pas se marier","Elle ne peut pas avoir d'enfants","Elle doit quitter la France","Elle ne peut pas aller à l'hôpital"
"Parmi ces textes, lequel a été adopté sous Napoléon Ier ?","Le Code civil ","La Déclaration des Droits de l'Homme","La Constitution de 1958","L'Édit de Nantes","La loi de 1905","Le traité de Rome"
"Qui a été président de la Ve République ?","Charles de Gaulle ","Napoléon","Louis XIV","Jules Ferry","Victor Hugo","Jeanne d'Arc"
"Quel est l’objectif des lois scolaires de la IIIe République ?","Rendre l'enseignement public gratuit, laïque et obligatoire ","Interdire l'école aux filles","Rendre l'école payante","Enseigner la religion à l'école","Supprimer les écoles","Militariser les enfants"
"Que signifie la date du 14 juillet pour les Français ?","La prise de la Bastille et la fête de la Fédération ","La fin de la guerre","La mort du roi","La naissance de Napoléon","La création de l'Euro","La victoire en Coupe du monde"
"Pourquoi l'année 1958 est importante pour la France ?","Adoption de la Constitution de la Ve République ","Fin de la guerre d'Algérie","Vote des femmes","Loi sur la laïcité","Victoire de 1918","Chute du mur de Berlin"
"Lequel de ces pays est un pays fondateur de l'Union Européenne ?","La France ","Le Royaume-Uni","L'Espagne","La Pologne","La Suède","La Grèce"
"Simone Veil est une figure importante de l’histoire française. Elle a notamment :","Préparé la loi sur l'interruption volontaire de grossesse ","Été la première présidente de la République","Inventé le vaccin contre la rage","Découvert le radium","Écrit les Misérables","Commandé les armées en 14-18"
"Dans quelle région est située une partie des plages du débarquement ayant permis d'engager la libération de la France ?","En Normandie ","En Bretagne","En Provence","En Alsace","En Corse","Dans le Nord"
"Dans quelle ville les rois de France étaient-ils couronnés ? [GS]","Reims","Paris","Versailles","Lyon","Marseille","Orléans"
"Quel roi de France a été guillotiné pendant la Révolution française ? [GS]","Louis XVI","Louis XIV","Henri IV","François 1er","Napoléon","Charlemagne"
"En quelle année a débuté la Révolution française ?","1789 ","1792","1804","1848","1905","1944"
"En quelle année Napoléon Ier est-il devenu empereur ? [GS]","1804","1789","1815","1848","1900","1799"
"Lequel de ces personnages a un lien avec la République française ?","Marianne ","Astérix","Tintin","Mickey","Superman","Sherlock Holmes"
"De quand date l'appel à la résistance du général de Gaulle ? [GS]","18 juin 1940","14 juillet 1789","11 novembre 1918","8 mai 1945","1er mai 1968","9 mai 1950"
"Qu'est-ce que la Shoah ?","L'extermination des Juifs par les nazis ","Une bataille de Napoléon","Un traité de paix","Une fête religieuse","Un mouvement artistique","Une loi française"
"Quel pays a été une colonie française ?","L'Algérie ","L'Allemagne","L'Angleterre","L'Espagne","L'Italie","La Russie"
"Qui a rendu l'école gratuite, laïque et obligatoire ?","Jules Ferry ","Napoléon","Louis XIV","De Gaulle","Mitterrand","Chirac"
"Depuis quand les Français élisent-ils le président de la République au suffrage universel direct ? [GS]","1962","1958","1945","1848","1789","1981"
"En quelle année l'Union européenne a-t-elle été fondée ?","1992 (création de l'UE) ","1957","1945","2002","1980","2010"
"Quand a eu lieu la Seconde guerre mondiale ?","1939-1945 ","1914-1918","1870-1871","1954-1962","1990-1991","1789-1799"
"Quand a eu lieu la Première guerre mondiale ?","1914-1918 ","1939-1945","1870-1871","1900-1904","1950-1954","1800-1815"
"Sous quel président a été abolie la peine de mort en France ? [GS]","François Mitterrand (en 1981)","Valéry Giscard d'Estaing","Georges Pompidou","Charles de Gaulle","Jacques Chirac","Nicolas Sarkozy"
"Que célèbre-t-on le 8 mai ?","La fin de la Seconde Guerre mondiale ","La fête du travail","L'armistice de 1918","La Toussaint","Noël","Pâques"
"Quelle est la première étape de la construction européenne en 1951 ? [GS]","La CECA (Charbon et Acier)","L'Euro","L'Espace Schengen","L'OTAN","La PAC","Erasmus"
"Qui était une figure de la Résistance française pendant la Seconde Guerre mondiale ?","Charles de Gaulle ","Le Maréchal Pétain","Napoléon","Louis XIV","Jules Ferry","Victor Hugo"
"Le 11 novembre est un jour férié. À quoi correspond cette date ?","Fin de la Première Guerre mondiale ","Début de la guerre","Fête nationale","Mort du roi","Victoire 1945","Fête du travail"
"Depuis quand l'esclavage a-t-il été aboli en France ?","1848 ","1789","1945","1905","2000","1600"
"Qui a aboli l'esclavage en France ? [GS]","Victor Schoelcher","Jules Ferry","Napoléon","De Gaulle","Louis XIV","Voltaire"
"Depuis quelle année l'école publique est-elle gratuite ?","Années 1880 ","1950","2000","1789","1905","1936"
"En 1944, qu'est-ce qui a changé pour les femmes ? [GS]","Elles ont obtenu le droit de vote","Elles ont pu porter des pantalons","Elles ont pu travailler","Elles ont pu aller à l'école","Elles ont pu conduire","Elles ont pu être maire"
"Quelle organisation a été créée en 1945 après la Seconde Guerre mondiale ?","L'ONU ","L'OTAN","L'UE","La SDN","Le G7","L'OMC"
"En quelle année l'euro est-il devenu la monnaie officielle de la France ?","2000 (monnaie unique partagée) / 2002 (fiduciaire) ","1992","1957","2010","1981","1945"
"Lors de la seconde guerre mondiale, à quelle date la ville de Paris a-t-elle été libérée ? [GS]","Août 1944","Juin 1940","Mai 1945","Novembre 1918","Juillet 1789","Septembre 1939"
"Quel était le principal port français impliqué dans la traite négrière au XVIIIe siècle ? [GS]","Nantes","Marseille","Bordeaux","Le Havre","La Rochelle","Saint-Malo"
"Quel célèbre philosophe des Lumières a dénoncé l'esclavage ?","Voltaire (ou Rousseau, Diderot) ","Descartes","Sartre","Platon","Marx","Freud"
"Quelle œuvre a été écrite par Victor Hugo ?","Les Misérables ","L'Avare","L'Étranger","Le Petit Prince","Les Fleurs du Mal","Madame Bovary"
"Quel peintre est français ?","Marc Chagall (naturalisé) ","Picasso","Van Gogh","Leonard de Vinci","Michel-Ange","Rembrandt"
"Quel plat est une spécialité de la cuisine française ? [GS]","Le pot-au-feu","La pizza","Le couscous","Le hamburger","Les sushis","La paella"
"Qui était Marie Curie ?","Physicienne (découverte de la radioactivité) ","Une écrivaine","Une reine","Une chanteuse","Une sportive","Une actrice"
"Qui a peint La liberté guidant le peuple ? [GS]","Eugène Delacroix","Monet","Renoir","Picasso","Dali","Matisse"
"Dans quel grand musée parisien est exposée la Joconde ? [GS]","Le Louvre","Le musée d'Orsay","Le Centre Pompidou","Le musée Rodin","Le musée Grévin","Le Quai Branly"
"Quel château célèbre se trouve près de Paris et symbolise le pouvoir royal de Louis XIV ?","Château de Versailles ","Château de la Loire","Château de Chambord","Fort Boyard","Mont-Saint-Michel","Carcassonne"
"Où peut-on voir des peintures préhistoriques en France ?","Grotte de Lascaux ","Tour Eiffel","Louvre","Arc de Triomphe","Notre-Dame","Stade de France"
"Quel peintre célèbre a peint les Nymphéas ? [GS]","Claude Monet","Picasso","Renoir","Degas","Manet","Gauguin"
"Pendant quelles journées peut-on visiter gratuitement des lieux culturels en France ? [GS]","Les Journées européennes du patrimoine","La Fête de la musique","Le 14 juillet","Noël","Pâques","La Saint-Valentin"
"Que symbolise le 1er mai ? [GS]","La fête du travail","La fête des mères","La victoire de 1945","Le printemps","La musique","L'Europe"
"Qui était Monsieur Rouget de Lisle ? [GS]","L'auteur de La Marseillaise","Un roi","Un général","Un ministre","Un peintre","Un sculpteur"
"À quelle occasion a été construite la Tour Eiffel ?","Exposition universelle de 1889 ","Révolution de 1789","Guerre de 1914","JO de 1924","Victoire de Napoléon","Naissance de la République"
"Quelle chaîne de montagnes est située entre la France et l'Italie ?","Les Alpes ","Les Pyrénées","Le Massif Central","Le Jura","Les Vosges","L'Himalaya"
"Qui était Molière ?","Le plus célèbre auteur de théâtre français ","Un roi","Un poète","Un philosophe","Un musicien","Un peintre"
"Qui était Charles Baudelaire ? [GS]","Un poète","Un peintre","Un roi","Un général","Un ministre","Un architecte"
"Qui était George Sand ? [GS]","Une écrivaine","Une reine","Une scientifique","Une chanteuse","Une résistante","Une sportive"
"Qui était Simone de Beauvoir ? [GS]","Une philosophe et écrivaine","Une actrice","Une reine","Une scientifique","Une sportive","Une politicienne"
"Qui était Albert Camus ? [GS]","Un écrivain","Un chanteur","Un acteur","Un peintre","Un roi","Un sportif"
"Qui était Marguerite Yourcenar ? [GS]","Une femme de lettres","Une reine","Une chanteuse","Une scientifique","Une sportive","Une actrice"
"Qui était Paul Cézanne ? [GS]","Un peintre","Un écrivain","Un musicien","Un roi","Un ministre","Un sculpteur"
"Qui était Auguste Rodin ? [GS]","Un sculpteur","Un peintre","Un écrivain","Un musicien","Un roi","Un architecte"
"Qui était un célèbre compositeur français ? [GS]","Maurice Ravel","Beethoven","Mozart","Bach","Vivaldi","Verdi"
"Qui était Auguste Renoir ? [GS]","Un peintre","Un sculpteur","Un écrivain","Un roi","Un général","Un chanteur"
"Quel musée est situé à Paris ? [GS]","Le musée d'Orsay","Le musée du Prado","Le British Museum","Le MOMA","Le musée Guggenheim","Le musée de l'Ermitage"
"Quel monument historique se trouve sur une ile en Normandie ?","Le Mont-Saint-Michel ","Le Château d'If","Fort Boyard","La Tour Eiffel","Notre-Dame","L'Arc de Triomphe"
"Quelle ville française fait partie des 10 plus grandes métropoles du pays ?","Bordeaux ","Deauville","Cannes","Saint-Tropez","Lourdes","Biarritz"
"Quelle ile fait partie des Antilles françaises ?","La Martinique (ou Guadeloupe) ","La Corse","La Réunion","Tahiti","Majorque","Ibiza"
"Quelle ile est française ?","La Corse ","La Sardaigne","La Sicile","Malte","Chypre","Crète"
"Quelle est la plus haute montagne de France ?","Le Mont-Blanc ","Le Pic du Midi","Le Canigou","La Meije","L'Etna","L'Everest"
"Quelle ile française est située dans l'océan Indien ?","La Réunion (ou Mayotte) ","La Guadeloupe","La Martinique","Tahiti","La Corse","Saint-Pierre-et-Miquelon"
"Quel département français a une frontière avec le Brésil ?","La Guyane ","La Guadeloupe","La Martinique","La Réunion","Mayotte","Paris"
"De quelle ville française décolle la fusée Ariane ? [GS]","Kourou (Guyane)","Paris","Toulouse","Marseille","Bordeaux","Lyon"
"Quelle mer ou océan borde la France métropolitaine ? [GS]","L'Océan Atlantique","L'Océan Indien","L'Océan Pacifique","La Mer Noire","La Mer Rouge","La Mer Morte"
"Quelle mer se situe entre la France et l’Angleterre ? [GS]","La Manche","La Méditerranée","L'Atlantique","La Mer du Nord","La Baltique","La Caspienne"
"Quelle ile est un département d'outre-mer français ?","Mayotte ","Madagascar","Cuba","Haïti","Ibiza","La Sicile"
"Qu'est-ce que la France d'outre-mer ?","Des départements et territoires situés hors métropole ","Des pays étrangers","Des anciennes colonies indépendantes","Des bases militaires","Des îles touristiques uniquement","Des pays voisins"
"Quelle est la population approximative de la France en 2025 ?","67,4 millions d'habitants (chiffre 2021) ","100 millions","30 millions","500 millions","10 millions","200 millions"
"Quel est le principal port maritime de France ? [GS]","Marseille (ou Le Havre)","Paris","Lyon","Strasbourg","Lille","Toulouse"
"Combien y a-t-il de régions en France métropolitaine ?","13 régions ","22 régions","10 régions","5 régions","50 régions","96 régions"
"Quelle chaîne de montagnes est située entre la France et l'Espagne ? [GS]","Les Pyrénées","Les Alpes","Le Jura","Les Vosges","Le Massif Central","Les Carpates"
"Quelle ile française se trouve au sud-est du continent africain ?","La Réunion (ou Mayotte) ","La Guadeloupe","La Martinique","Saint-Pierre-et-Miquelon","La Corse","Tahiti"
"Quel est le chef-lieu de la région Auvergne-Rhône-Alpes ?","Lyon ","Grenoble","Saint-Etienne","Clermont-Ferrand","Annecy","Valence"
"Quel est le chef-lieu de la région Bretagne ?","Rennes ","Brest","Quimper","Lorient","Vannes","Saint-Malo"
"Quel est le chef-lieu de la région Provence-Alpes-Côte d'Azur ?","Marseille ","Nice","Toulon","Avignon","Aix-en-Provence","Cannes"
"Quel est le 101ème département français depuis 2011 ?","Mayotte ","Tahiti","Nouvelle-Calédonie","Saint-Martin","Guyane","Corse"
"Quelle région française est réputée pour ses stations de ski ? [GS]","Auvergne-Rhône-Alpes","Bretagne","Normandie","Centre-Val de Loire","Pays de la Loire","Ile-de-France"
"Quel fleuve traverse Paris ?","La Seine ","La Loire","Le Rhône","La Garonne","Le Rhin","La Tamise"
"Où faut-il déclarer la naissance d'un enfant ?","À la mairie ","À l'hôpital uniquement","Au commissariat","À la préfecture","À l'église","Sur internet"
"Quelle action peut réaliser le locataire d'un logement sans l'autorisation du propriétaire ? [GS]","Des petits aménagements (décoration)","Abattre une cloison","Changer la destination des lieux","Sous-louer","Ne pas payer le loyer","Changer les serrures sans donner la clé"
"Quel mariage est reconnu légalement ?","Le mariage en mairie ","Le mariage religieux uniquement","Le concubinage","Le PACS","Les fiançailles","L'union libre"
"Le stationnement sur une place réservée aux personnes handicapées : [GS]","Est interdit sauf titulaire de la carte","Est autorisé pour 5 minutes","Est autorisé le dimanche","Est autorisé si on reste dans la voiture","Est autorisé si le parking est plein","Est autorisé la nuit"
"Si une machine à laver est cassée, il est possible de : [GS]","Demander la réparation au propriétaire (si meublé/vétusté)","Ne plus payer le loyer","La jeter dans la rue","Déménager sans préavis","La réparer et déduire du loyer sans accord","Porter plainte à la police"
"Dans quel cas faut-il déclarer son enfant au service d'état civil ?","À la naissance ","À ses 18 ans","Quand il va à l'école","Quand il est malade","À son baptême","Jamais"
"Quand faut-il déclarer son enfant au service d'état civil ? [GS]","Dans les jours suivant la naissance","Dans le mois","Dans l'année","Avant la naissance","À 18 ans","Quand on veut"
"Quel numéro d'urgence permet d'appeler la police ? [GS]","Le 17","Le 18","Le 15","Le 112","Le 911","Le 01"
"Quel numéro d'urgence permet d'appeler le SAMU ? [GS]","Le 15","Le 17","Le 18","Le 114","Le 911","Le 12"
"Auprès de quelle institution les parents peuvent inscrire leurs enfants à l'école publique ?","La mairie ","La préfecture","Le tribunal","L'église","Le commissariat","La CAF"
"En cas de divorce, qui exerce l'autorité parentale ?","Les parents en commun ","La mère uniquement","Le père uniquement","Le juge","Les grands-parents","L'État"
"Quelle aide permet aux personnes qui ont des difficultés financières d'avoir un avocat ? [GS]","L'aide juridictionnelle","La CAF","Le RSA","La Sécurité sociale","La prime d'activité","Le chèque énergie"
"Qui peut demander le divorce de personnes mariées ? [GS]","Les époux","Les enfants","Les parents","Le maire","Le préfet","Les voisins"
"Auprès de quel organisme faut-il demander le remboursement des frais de santé ?","La sécurité sociale (CPAM) ","La CAF","Le Trésor Public","La Mairie","Le Commissariat","Pôle Emploi"
"La contraception : [GS]","Est autorisée","Est interdite","Est réservée aux personnes mariées","Est réservée aux majeurs","Est payante et très chère","Est illégale"
"Qu'est-ce que le principe de confidentialité dans le domaine de la santé ? [GS]","Le secret médical","Le médecin dit tout à l'employeur","Le médecin publie les dossiers sur internet","Il n'y a pas de secret","Le médecin raconte tout à la police","Le médecin prévient les voisins"
"À quoi sert la carte Vitale ? [GS]","À se faire rembourser les soins","À payer l'autoroute","À retirer de l'argent","À voter","À voyager","À téléphoner"
"À quoi sert une mutuelle santé ? [GS]","À compléter les remboursements de la Sécu","À remplacer la Sécurité sociale","À payer les impôts","À avoir une retraite","À assurer sa voiture","À payer son loyer"
"Qu'est-ce que le tiers payant ? [GS]","Dispense d'avance de frais","Payer 3 fois plus cher","Payer pour 3 personnes","Se faire soigner par 3 médecins","Payer en 3 fois sans frais","Une taxe sur la santé"
"L'inscription à l'Assurance maladie est :","Obligatoire (sécurité sociale) ","Facultative","Réservée aux français","Interdite aux étrangers","Payante à l'entrée","Seulement pour les vieux"
"L'avortement est-il possible en France ?","Oui, autorisé par la loi ","Non, c'est interdit","Oui, mais seulement si le mari est d'accord","Non, sauf en danger de mort","Oui, mais c'est payant et cher","Seulement pour les mineures"
"Travailler sans être déclaré est :","Interdit (travail au noir) ","Autorisé si c'est temporaire","Conseillé pour payer moins d'impôts","Normal en France","Autorisé pour les étudiants","Légal le week-end"
"Qu'est-ce que le SMIC ? [GS]","Le salaire minimum","Le Salaire Maximum","Une aide sociale","Un impôt","Un syndicat","Une prime"
"Quelle est la première démarche à réaliser pour chercher un emploi ? [GS]","S'inscrire comme demandeur d'emploi","Attendre qu'on nous appelle","Aller à la mairie","Payer une agence","Demander au préfet","Aller à l'église"
"Quelle est la durée légale du temps de travail par semaine ? [GS]","35 heures","40 heures","30 heures","50 heures","20 heures","48 heures"
"Qui peut demander un congé parental d'éducation ? [GS]","Les parents salariés","Seulement la mère","Seulement le père","Les grands-parents","L'enfant","Personne"
"Une personne étrangère, en situation régulière, peut créer son entreprise : [GS]","Oui, comme tout citoyen","Non, c'est interdit","Oui, mais avec un associé français","Oui, mais en payant double taxe","Non, sauf si elle est européenne","Oui, après 10 ans de résidence"
"Une femme peut-elle créer son entreprise ?","Oui, librement ","Non, il faut l'accord de son mari","Non, c'est réservé aux hommes","Oui, si elle a des enfants","Non, sauf si elle est veuve","Oui, avec l'accord du maire"
"Quels sont les textes qui définissent les règles au travail ? [GS]","Le code du travail et contrat","Le Code de la route","Le règlement de copropriété","La Bible","Le journal","Le Code pénal uniquement"
"Quelles sont les affaires traitées par le conseil de prud'hommes ? [GS]","Les litiges du travail","Les divorces","Les crimes","Les excès de vitesse","Les impôts","Les problèmes de voisinage"
"Qui a le droit de se syndiquer ?","Chacun peut adhérer librement ","Seulement les patrons","Seulement les fonctionnaires","Personne","Seulement les hommes","Seulement les ouvriers"
"Est-il possible de licencier une femme enceinte ou en congé maternité, en raison de sa grossesse ? [GS]","Non, c'est interdit","Oui, si l'employeur le décide","Oui, si elle est fatiguée","Oui, pour faire des économies","Oui, si elle est d'accord","Oui, après un avertissement"
"L'instruction des enfants est obligatoire de :","3 à 16 ans (Text says 'jusqu'à 16') ","6 ans à 14 ans","6 ans à 18 ans","3 ans à 20 ans","5 ans à 15 ans","4 ans à 12 ans"
"Des parents ne respectent pas l'obligation d'instruction pour leurs enfants. Quelle sanction maximale risquent-ils ? [GS]","Sanctions pénales","Rien du tout","Une médaille","Une réduction d'impôts","L'expulsion du logement","La perte de la nationalité"
"Quelle est la définition de l'autorité parentale ?","Pourvoir à l'éducation et préparer l'avenir ","Le droit de frapper ses enfants","Le devoir de donner de l'argent de poche","Le droit de choisir les amis de l'enfant","Le droit de ne pas s'occuper de l'enfant","L'obligation d'être sévère"
"Quel motif d'absence est accepté par l'école ? [GS]","La maladie","L'envie de dormir","Les courses au supermarché","Un anniversaire","La pluie","Un départ en vacances hors dates"
"Jusqu'à quel âge l'école est-elle obligatoire ?","16 ans ","14 ans","18 ans","12 ans","20 ans","25 ans"
"À quel âge commence l'instruction obligatoire des enfants ? [GS]","3 ans","6 ans","5 ans","4 ans","2 ans","7 ans"
"Comment s'appellent les établissements scolaires que les élèves intègrent après l'école élémentaire ?","Les collèges ","Le lycée","L'université","La crèche","L'école maternelle","Le centre de loisirs"
"En tant que parent d'élève, il est possible de : [GS]","Participer aux élections des représentants","Faire la classe à la place du prof","Décider des notes","Changer les horaires de l'école","Virer le directeur","Choisir les autres élèves"
"Quelle instruction est prévue pour les enfants qui ne parlent pas français ? [GS]","Soutien linguistique adapté","Aucune, ils ne vont pas à l'école","Ils vont dans des écoles payantes","Ils apprennent seuls","Ils sont renvoyés chez eux","Ils attendent de savoir parler"
"S'agissant de l'accueil des enfants en situation de handicap à l'école, laquelle des propositions est vraie ? [GS]","L'école est accessible à tous (inclusion)","Ils sont interdits d'école","Ils doivent rester à l'hôpital","Il n'y a pas de solution","C'est aux parents de payer le prof","Ils ne vont qu'en école spécialisée"
"Depuis le 1er juillet 2021, quelle est la durée du congé paternité ? [GS]","25 jours","3 jours","11 jours","6 mois","1 an","Il n'existe pas"
"Est-ce possible de punir physiquement ses enfants ? [GS]","Non, les violences sont interdites","Oui, c'est recommandé","Oui, si c'est léger","Oui, si l'enfant est difficile","Oui, chez soi uniquement","Oui, le week-end"